{"cameraMode":{"drawMode":0,"name":"Shaded","section":"Shading Mode"},"sceneLighting":true,"audioPlay":false,"sceneViewState":{"m_AlwaysRefresh":false,"showFog":true,"showSkybox":true,"showFlares":true,"showImageEffects":true,"showParticleSystems":true,"showVisualEffectGraphs":true,"m_FxEnabled":true},"in2DMode":false,"pivot":{"x":2.499998092651367,"y":0.10532951354980469,"z":-3.382556200027466},"rotation":{"x":0.20823924243450166,"y":-0.7016474008560181,"z":0.22746878862380982,"w":0.642337441444397},"size":12.592439651489258,"orthographic":true}