{"cameraMode":{"drawMode":0,"name":"Shaded","section":"Shading Mode"},"sceneLighting":true,"audioPlay":false,"sceneViewState":{"m_AlwaysRefresh":false,"showFog":true,"showSkybox":true,"showFlares":true,"showImageEffects":true,"showParticleSystems":true,"showVisualEffectGraphs":true,"m_FxEnabled":true},"in2DMode":false,"pivot":{"x":1.2598483562469483,"y":1.200164794921875,"z":-3.3506741523742677},"rotation":{"x":0.1553649753332138,"y":-0.6912079453468323,"z":0.15602022409439088,"w":0.6883077621459961},"size":2.0156803131103517,"orthographic":true}